food_idx,food_id,food_name,food_type,food_tel,food_addr,food_longtitude,food_latitude,food_jjim
0,125266,시골집,한식,033-343-1423,강원특별자치도 횡성군 둔내면 청태산로 447,128.2712028,37.5228962,
1,125266,웅이네,한식,033-345-6420,강원특별자치도 횡성군 둔내면 청태산로 89,128.233495,37.5148437,
2,125266,연자방아막국수,한식,033-344-5100,강원특별자치도 횡성군 둔내면 청태산로 17,128.226037,37.513267,
3,125266,바다횟집,생선회,033-342-5552,강원특별자치도 횡성군 둔내면 청태산로 33,128.2269123,37.5140314,
4,125266,청태산가든,소고기구이,033-343-1224,강원특별자치도 횡성군 둔내면 청태산로 473,128.274125,37.5234417,
5,125266,초가집,한식,033-342-2466,강원특별자치도 횡성군 청태산로 260,128.251338,37.518025,4
6,125266,아우라지옹심이,한식,033-345-9316,강원특별자치도 횡성군 둔내면 청태산로 89,128.2334878,37.5148884,
7,125266,다복가든,한식,,강원특별자치도 횡성군 청태산로 109,128.2357456,37.5143514,1
8,125405,토함산솔밭가든,닭요리,054-774-1180,경상북도 경주시 문무대왕면 불국로 1056-8,129.3552125,35.758075,
9,125405,정원가든,한식,0507-1320-4062,경상북도 경주시 문무대왕면 불국로 1673,129.3938878,35.7941529,
10,125405,카페그랑 한국수력원자력 경주점,베이커리,054-704-8633,경상북도 경주시 문무대왕면 불국로 1655,129.3891802,35.7951021,
11,125405,포아시스 한국수력원자력 경주본사점,종합분식,,경상북도 경주시 문무대왕면 불국로 1655 한국수력원자력주식회사 3층,129.3891802,35.7951021,
12,125405,탑정토종닭집,닭요리,,경상북도 경주시 문무대왕면 불국로 1529,129.3835,35.7849582,
13,125406,호텔아젤리아,호스텔,053-610-5700,대구광역시 달성군 유가읍 일연선사길 10,128.5061047,35.6922176,
14,125406,아젤리아카페,"카페,디저트",0507-1338-5721,대구광역시 달성군 유가읍 일연선사길 10,128.506035,35.6922141,
15,125407,문경농장가든,"육류,고기요리",054-552-7496,경상북도 문경시 불정길 89-11,128.1425625,36.6276571,
16,125408,농가맛집 무꾸,한식,0507-1363-5954,경상북도 청송군 부남면 덕골길 20-1 청송농가맛집 무꾸,129.127118,36.2785533,
17,125408,이화선의청송미담,한식,054-873-9009,경상북도 청송군 부남면 대전로 148 청송미담,129.0645198,36.3469984,
18,125408,길림성반점,중식당,054-872-2466,경상북도 청송군 부남면 대전로 146-8,129.0650558,36.3467909,
19,125408,학교종이땡땡땡,"카페,디저트",054-872-0030,경상북도 청송군 부남면 부남로 14 별관동 1층,129.0641811,36.3430966,
20,125408,멕시카나 부남체인점,"치킨,닭강정",,경상북도 청송군 부남면 대전로 145,129.0642103,36.3468171,
21,125408,부남반점,중식당,054-873-1705,경상북도 청송군 부남면 원천길 22,129.0629792,36.3474284,
22,125408,서울식당,한식,054-872-5905,경상북도 청송군 부남면 대전강변길 6,129.0648251,36.3479422,
23,125408,또래오래 청송부남점,"치킨,닭강정",054-872-9992,경상북도 청송군 부남면 대전1길 21,129.0639992,36.345844,
24,125408,호식이두마리치킨,"치킨,닭강정",054-872-9282,경상북도 청송군 부남면 대전로 138,129.0644094,36.3461239,
25,125408,여정식당,한식,054-872-7428,경상북도 청송군 부남면 대전로 115,129.0637639,36.3442499,2
26,125408,너랑나랑,김밥,,경상북도 청송군 부남면 대전로 140,129.0643676,36.3463624,
27,125408,산얼왕갈매기살홍냉면,한식,054-873-1009,경상북도 청송군 부남면 대전로 146-14,129.0651726,36.3470603,
28,125408,석이네민물매운탕,"매운탕,해물탕",,경상북도 청송군 부남면 대전로 154,129.0648424,36.3476303,
29,125408,청송가든,한정식,054-873-8267,경상북도 청송군 부남면 부남로 540,129.1000769,36.3117955,
30,125408,하나식당,한식,054-874-6256,경상북도 청송군 부남면 대전로 122-1,129.0641316,36.3447215,
31,125409,유명산종점가든,한식,031-584-0716,경기도 가평군 설악면 유명산길 76,127.4904322,37.595359,
32,125409,유명산춘천숯불닭갈비,닭갈비,031-584-5847,경기도 가평군 설악면 유명산길 13,127.4933682,37.6005239,
33,125409,산여울,한식,031-585-7588,경기도 가평군 설악면 유명산길 101-30,127.4889305,37.592282,
34,125409,카페 오렌지루프,"카페,디저트",031-585-7586,경기도 가평군 설악면 유명산길 79-76,127.4899936,37.5922356,
35,125409,오렌지루프 식당,한식,031-584-7587,경기도 가평군 설악면 유명산길 79-76 1층,127.4899615,37.592154,
36,125409,휴양림가든,한식,031-584-7607,경기도 가평군 설악면 유명산길 79-156,127.4904727,37.5899862,
37,125409,유명산 현옥이네식당,"백숙,삼계탕",0507-1350-7077,경기도 가평군 설악면 유명산길 60-6,127.4909047,37.597019,
38,125409,예도 (국수잘하는집),한식,,경기도 가평군 설악면 유명산길 79-7,127.4908843,37.5949135,
39,125409,산장가든,한식,031-584-9947,경기도 가평군 설악면 유명산길 101-17 산장가든,127.4893978,37.5927251,
40,125409,카페인트리,"카페,디저트",0507-1392-2790,경기도 가평군 설악면 유명산길 37 지안힐링라운지 A동 1층 카페인트리,127.4925679,37.5984982,
41,125409,향토마당,한식,031-585-4320,경기도 가평군 설악면 유명산길 101-36 유명산산장,127.4885208,37.5921115,
42,125409,칙칙폭폭카페,"카페,디저트",0507-1322-8757,경기도 가평군 설악면 유명산길 61-12 1층,127.4922293,37.5964304,
43,125409,유명산골산카페&펜션,펜션,,경기도 가평군 설악면 유명산길 114,127.4881321,37.592712,
44,125409,솔가든,닭요리,031-584-9961,경기도 가평군 설악면 유명산길 101-15 솔가든,127.4894505,37.5928715,2
45,125409,유명,"카페,디저트",,경기도 가평군 설악면 유명산길 79-15,127.4910207,37.5945254,
46,125410,뜰가든,한식,054-672-6446,경상북도 봉화군 석포면 청옥로 1885,129.0043907,37.0586909,
47,125410,시골밥상,한정식,054-673-4459,경상북도 봉화군 석포면 청옥로 1760,129.0008429,37.0480187,
48,125410,송림정식당,한식,,경상북도 봉화군 청옥로 1697-8 송림정현무부,128.9974076,37.0438407,1
49,125410,육송삼거리식당,한식,,경상북도 봉화군 석포면 청옥로 2402,129.0431372,37.0644179,
50,125410,속세골쉼터,한식,054-673-8990,경상북도 봉화군 석포면 청옥로 2152-6,129.0250875,37.0623667,
51,125410,대현고인돌식당,한식,054-673-1334,경상북도 봉화군 석포면 청옥로 1958,129.009728,37.0623092,
52,125411,도감어가,한식,0507-1301-8294,경상남도 거창군 위천면 금원산길 166 1층,127.817363,35.7429443,
53,125411,꽃시내,"백숙,삼계탕",055-943-8979,경상남도 거창군 금원산길 139,127.8192432,35.7444338,
54,125411,유안청산장가든,한식,055-943-0891,경상남도 거창군 위천면 금원산길 232,127.81105,35.741526,
55,125411,뚝배기,한식,055-943-0770,경상남도 거창군 위천면 금원산길 12,127.8298833,35.750906,
56,125412,용대리1111 밥집,한식,0507-1304-9897,강원특별자치도 인제군 북면 만해로 163-20,128.3213242,38.1919825,
57,125412,자담치킨 용대리점,"치킨,닭강정",0507-1386-9334,강원특별자치도 인제군 북면 미시령로 1150 1층,128.3433158,38.1973641,
58,125412,진부령식당,한식,0507-1341-1877,강원특별자치도 인제군 북면 진부령로 100,128.3682922,38.223939,7
59,125412,산마을,한식,0507-1372-0915,강원특별자치도 인제군 북면 미시령로 1205-20 산마을,128.3468886,38.2029728,22
60,125412,용바위식당,"해물,생선요리",033-462-4079,강원특별자치도 인제군 북면 진부령로 107,128.3675817,38.2239187,44
61,125412,백담순두부,두부요리,0507-1380-9395,강원특별자치도 인제군 북면 백담로 19 백담순두부,128.3449203,38.1967556,5
62,125412,백담폭포송어횟집,생선회,033-462-4622,강원특별자치도 인제군 북면 만해로 224-11,128.3271591,38.1920355,5
63,125412,매바위황태식당 건어물,한식,033-462-0641,강원특별자치도 인제군 북면 진부령로 65,128.3686403,38.220794,1
64,125412,예당막국수,막국수,033-462-3663,강원특별자치도 인제군 북면 백담로 7-3,128.3438306,38.1975087,4
65,125412,다리골식당,한식,0507-1303-9366,강원특별자치도 인제군 북면 미시령로 1281 다리골식당,128.3527895,38.206844,
66,125412,백담황태구이,"해물,생선요리",033-462-5870,강원특별자치도 인제군 북면 백담로 24,128.3451947,38.1962769,11
67,125412,평화막국수,막국수,033-462-5821,강원특별자치도 인제군 북면 미시령로 1146,128.342875,38.1972763,1
68,125412,백담 Moon's Cafe,"카페,디저트",033-461-7738,강원특별자치도 인제군 북면 백담로 44 1층,128.3472852,38.1955331,
69,125412,부흥식당,"해물,생선요리",033-462-1900,강원특별자치도 인제군 황태길 367,128.3702985,38.2196567,
70,125412,사조소문난식당,한식,033-462-2105,강원특별자치도 인제군 북면 백담로 93,128.352296,38.1936413,1
71,125413,가리왕산가든,한식,033-562-3195,강원특별자치도 정선군 정선읍 가리왕산로 600 가리왕산가든,128.5825012,37.4146884,
72,125413,통나무가든,한식,033-563-1898,강원특별자치도 정선군 가리왕산로 623,128.5806812,37.4163633,
73,125414,물꼴산장,오리요리,063-644-8962,전라북도 임실군 삼계면 임삼로 487 세심자연휴양림,127.2401268,35.5145051,
74,125414,박사골 전통쌀엿,베이커리,,전라북도 임실군 삼계면 임삼로 90-5,127.2564051,35.4901793,
75,125415,카페 홍시먹으러곶감,"카페,디저트",063-243-3000,전라북도 완주군 동상면 대아수목로 119-10,127.3009561,35.9801021,
76,125415,수목원카페,카페,0507-1420-8122,전라북도 완주군 동상면 대아수목로 113,127.3007037,35.9789604,
77,125415,곰바위가든,한식,063-245-9900,전라북도 완주군 동상면 대아수목로 105,127.2998019,35.9790409,
78,125415,곰바위산장,민박,063-243-0622,전라북도 완주군 동상면 대아수목로 279,127.312363,35.987976,3
79,125415,늘푸른산장가든,닭요리,063-243-1536,전라북도 완주군 동상면 대아수목로 209,127.3080023,35.9840021,
80,125415,계곡산장,한식,063-243-3816,전라북도 완주군 동상면 대아수목로 228,127.3094204,35.9851755,8
81,125415,무릉도원,한식,0507-1331-1603,전라북도 완주군 동상면 대아수목로 534-39,127.3361777,35.9996425,1
82,125415,왕소나무집,한식,063-243-0306,전라북도 완주군 동상면 대아수목로 181,127.3060583,35.9831257,4
83,125415,수목원하우스펜션,펜션,010-7185-3721,전라북도 완주군 동상면 대아수목로 204 수목원하우스펜션,127.3081689,35.9829471,3
84,125415,감골쉼터,"전통,민속주점",,전라북도 완주군 동상면 대아수목로 94-25,127.2999401,35.9774843,
85,125415,은천골산장,한식,063-244-9661,전라북도 완주군 동상면 대아수목로 232,127.3093549,35.985413,
86,125415,팬션곶감가든,한식,063-244-7279,전라북도 완주군 동상면 대아수목로 419,127.3247689,35.994521,
87,125415,통나무산장,한식,,전라북도 완주군 동상면 대아수목로 231,127.308583,35.9846422,
88,125415,소나무식당,한식,063-243-5529,전라북도 완주군 동상면 대아수목로 454-1,127.3289544,35.9934212,
89,125415,뜰안에펜션가든,한식,0507-1374-2777,전라북도 완주군 동상면 대아수목로 382 뜰안에펜션가든,127.3206693,35.9933607,
90,125416,살아생전 꼭 가봐야하는 산골가든,"백숙,삼계탕",0507-1496-0810,전라북도 무주군 무풍면 구천동로 575-30,127.8075541,35.9026002,
91,125416,카페 브라운,"카페,디저트",010-3063-1132,전라북도 무주군 무풍면 구천동로 289-45 카페 브라운,127.8218275,35.8781637,
92,125416,낙식전복곰탕,한식,063-323-3142,전라북도 무주군 무풍면 구천동로 574,127.8093123,35.9031103,1
93,125416,구천동송어마을,"매운탕,해물탕",0507-1362-0816,전라북도 무주군 무풍면 구천동로 289-47 구천동송어마을,127.822048,35.877724,6
94,125416,원조한우촌,소고기구이,063-322-3885,전라북도 무주군 무풍면 구천동로 461,127.8172871,35.8960288,
95,125416,하늘정원,한정식,063-322-8452,전라북도 무주군 무풍면 구천동로 157,127.8256958,35.8756896,
96,125416,꽃돌식당,한식,063-322-1481,전라북도 무주군 무풍면 구천동로 568,127.8097249,35.902874,
97,125416,몽블랑가든,한식,,전라북도 무주군 무풍면 구천동로 521,127.8137247,35.9006117,
98,125416,영남가든,한식,,전라북도 무주군 무풍면 구천동로 460,127.8178495,35.8963538,
99,125416,동진가든,한식,063-324-5306,전라북도 무주군 무풍면 구천동로 327,127.820866,35.885375,2
100,125417,늘솔길,한식,033-641-9589,강원특별자치도 강릉시 성산면 삼포암길 20-1,128.7952855,37.7191356,
101,125418,천지가든,한식,052-254-1131,울산광역시 울주군 상북면 청수골길 79,129.0144875,35.5237167,
102,125418,느티나무방,한식,,울산광역시 울주군 상북면 청수골길 175,129.0235496,35.5261296,
103,125419,유일관,중식당,061-867-8600,전라남도 장흥군 관산읍 칠관로 1556-1,126.9366951,34.5626128,
104,125419,엄마손,한정식,061-867-3506,전라남도 장흥군 관산읍 칠관로 1553,126.9363624,34.5628262,
105,125419,관산김밥가게,김밥,061-867-1236,전라남도 장흥군 관산읍 칠관로 1563-2,126.9374818,34.5627298,
106,125419,관산반점,중식당,061-867-0706,전라남도 장흥군 관산읍 칠관로 1562,126.9373665,34.5625301,
107,125419,혜진,한식,,전라남도 장흥군 관산읍 칠관로 1572-1,126.938354,34.5624478,
108,125419,늘봄,한정식,061-867-3628,전라남도 장흥군 관산읍 칠관로 1571,126.9382956,34.5626625,
109,125419,천관다원,차,010-7175-1909,전라남도 장흥군 관산읍 칠관로 1564,126.937598,34.5625245,1
110,125419,함평정육식당,정육식당,061-867-9592,전라남도 장흥군 관산읍 칠관로 1563-1,126.9374344,34.5627286,
111,125419,장흥한우소머리국밥,국밥,061-867-0457,전라남도 장흥군 관산읍 칠관로 1563,126.9373886,34.5627486,
112,125419,전통식당,한식,061-867-0999,전라남도 장흥군 관산읍 칠관로 1569-1,126.9382463,34.5628016,
113,125419,까미분식,종합분식,,전라남도 장흥군 관산읍 칠관로 1569,126.9381411,34.5626918,
114,125419,호수다방,다방,061-867-2050,전라남도 장흥군 관산읍 칠관로 1574,126.9384874,34.5624457,
115,125419,장안식당,한식,,전라남도 장흥군 관산읍 칠관로 1572-2,126.9383871,34.5623513,
116,125419,꼬꼬닭집,닭요리,061-867-9888,전라남도 장흥군 관산읍 칠관로 1563,126.9373886,34.5627486,
117,125419,명가네,한식,061-867-2886,전라남도 장흥군 관산읍 칠관로 1560-1,126.9370789,34.5625569,
118,125420,삼봉통나무산장,한식,033-435-2829,강원특별자치도 홍천군 삼봉휴양길 42,128.4745873,37.841224,
119,125421,머물고싶다,카페,,전라남도 장흥군 유치면 휴양림길 143,126.8346589,34.7623866,
120,125421,산천식당,한식,061-863-6350,전라남도 장흥군 유치면 휴양림길 154,126.8323486,34.7680646,
121,125421,휴향림가든,한식,,전라남도 장흥군 유치면 휴양림길 109-8,126.8370158,34.7603623,
122,125423,솔밭나루터,한식,043-855-6493,충청북도 충주시 가금면 첨단산업로 975,127.8672249,37.048517,
123,125423,갈마촌,오리요리,043-843-6617,충청북도 충주시 가금면 갈마2길 12,127.8847682,36.9862009,
124,125424,광명식당,한식,041-836-5176,충청남도 부여군 외산면 무량로 192,126.6949713,36.3148308,
125,125424,잠비,한식,0507-1426-9945,충청남도 부여군 외산면 무량로176번길 16,126.6959262,36.3151893,1
126,125424,두리두리식당,한식,041-836-3679,충청남도 부여군 외산면 외산로 99,126.7039937,36.3030015,2
127,125424,금반향,"카페,디저트",0507-1380-7140,충청남도 부여군 외산면 반교서로 60-39 금반향,126.7114621,36.2821763,
128,125424,삼호식당,한식,041-836-5038,충청남도 부여군 외산면 무량로 190,126.6950328,36.3146822,1
129,125424,태경중화요리,중식당,0507-1319-9391,충청남도 부여군 외산면 무량로 32,126.7041186,36.3027999,
130,125424,카페 외산로101-1,"카페,디저트",0507-1327-2437,충청남도 부여군 외산면 외산로 101-1,126.7043686,36.3034068,
131,125424,석가든,닭볶음탕,041-836-5275,충청남도 부여군 외산면 무량로 40,126.7038038,36.3034668,
132,125424,카페 지단애,"카페,디저트",0507-1342-7560,충청남도 부여군 외산면 무량로 45 2동 카페 지단애,126.7031591,36.3039073,
133,125424,봉평산골메밀막국수,막국수,041-832-3367,충청남도 부여군 외산면 무량로 131,126.6988814,36.3108751,
134,125424,명가코다리,한식,041-834-3500,충청남도 부여군 외산면 외산로 73 외산로 73,126.7034914,36.3008623,
135,125424,복가든,"백숙,삼계탕",041-836-1746,충청남도 부여군 외산면 무량로 15,126.7046231,36.3011203,2
136,125424,은혜식당,한식,041-836-5186,충청남도 부여군 외산면 무량로 186-1,126.6951683,36.3143996,1
137,125424,외산면 토종골,한식,0507-1433-8289,충청남도 부여군 외산면 무량로 14,126.7051992,36.3013289,
138,125424,함박꽃,양식,0507-1401-3362,충청남도 부여군 외산면 갈산로68번길 31 마을언덕,126.7261465,36.2928922,
139,125425,제암산자연휴양림식당,한식,061-853-9919,전라남도 보성군 웅치면 대산길 330,126.9838857,34.6984846,
140,125427,케이카페,"카페,디저트",041-633-5574,충청남도 홍성군 홍북읍 용봉산2길 41 케이카페,126.6588117,36.6423424,
141,125427,엄청난해장국,해장국,0507-1371-0803,충청남도 홍성군 홍북읍 용봉산2길 25 엄청난해장국,126.6608665,36.642453,1
142,125427,갈매기횟집,생선회,041-631-2868,충청남도 홍성군 홍북읍 용봉산2길 32 갈매기횟집,126.6604933,36.6430874,1
143,125427,홍성한우프라자,소고기구이,041-631-5878,충청남도 홍성군 홍북읍 용봉산2길 10,126.6627552,36.6426506,5
144,125427,엄마네감자탕 홍성내포점,감자탕,0507-1398-9101,충청남도 홍성군 홍북읍 용봉산2길 7,126.6631126,36.6426482,2
145,125427,돌산가든,"육류,고기요리",041-634-8500,충청남도 홍성군 홍북읍 용봉산2길 37,126.6595629,36.6425899,3
146,125427,스타바베큐,"육류,고기요리",0507-1347-8501,충청남도 홍성군 홍북읍 용봉산2길 37 돌산가든 옆,126.6593362,36.6426395,
147,125427,진미면막국수,한식,0507-1393-7311,충청남도 홍성군 홍북읍 용봉산2길 9,126.6628775,36.6423968,
148,125427,면천갈비 용봉산점,"육류,고기요리",0507-1367-5151,충청남도 홍성군 홍북읍 용봉산2길 20 1층,126.6618542,36.6427395,
149,125427,영농조합법인우리홍성한우,"육류,고기요리",041-633-5474,충청남도 홍성군 홍북읍 용봉산2길 12,126.6625384,36.6424616,
150,125427,꽃게밥상,한식,041-632-7877,충청남도 홍성군 홍북읍 용봉산2길 7,126.6630887,36.6425653,
151,125428,농부밥상,한정식,041-944-0900,충청남도 청양군 대치면 칠갑산로 704-18,126.8493864,36.4384995,
152,125428,칠갑산 두메산골,한식,0507-1423-9080,충청남도 청양군 대치면 칠갑산로 1037,126.881302,36.4352191,
153,125428,카페 515,카페,0507-1363-8271,충청남도 청양군 대치면 칠갑산로 515,126.8294763,36.4455242,
154,125428,고목정,카페,041-943-3828,충청남도 청양군 대치면 칠갑산로 668-19,126.8454277,36.4384802,1
155,125428,칸타타카페다,카페,041-943-8887,충청남도 청양군 대치면 칠갑산로 825-5 1층,126.8607365,36.4359654,
156,125428,만삼가든,"육류,고기요리",041-943-6333,충청남도 청양군 대치면 칠갑산로 426-4 만삼가든,126.8213097,36.4503868,
157,125428,봄날카페,"카페,디저트",,충청남도 청양군 대치면 칠갑산로 704-18,126.8493864,36.4384995,
158,125428,칠갑가든,한식,041-943-0193,충청남도 청양군 대치면 칠갑산로 583-7,126.836005,36.4413246,2
159,125428,월촌,한식,041-942-7631,충청남도 청양군 청양읍 칠갑산로 339 월촌,126.8135307,36.4528537,
160,125428,통기타라이브카페 바램,"카페,디저트",0507-1407-5654,충청남도 청양군 정산면 칠갑산로 1580 1층,126.9247367,36.4151058,
161,125428,칠갑산기와집한방옻닭,"백숙,삼계탕",0507-1405-0641,충청남도 청양군 정산면 칠갑산로 1316,126.9050233,36.4242842,
162,125428,발리,카페,,충청남도 청양군 정산면 칠갑산로 1580,126.9239662,36.4152078,
163,125428,영순각,중식당,041-943-2218,충청남도 청양군 청양읍 칠갑산로 265-1,126.8059991,36.4507503,
164,125428,석정가든,닭볶음탕,041-943-3192,충청남도 청양군 정산면 칠갑산로 1405,126.9137729,36.4230476,
165,125428,냉천골먹거리촌,한식,041-943-0646,충청남도 청양군 정산면 칠갑산로 1244,126.9001822,36.4264679,2
166,125429,산내돌짜장면 대전본점,중식당,0507-1340-0457,대전광역시 동구 산내로 457 산내돌짜장면 대전본점,127.444117,36.225475,
167,125429,옛터민속박물관,박물관,042-274-0016,대전광역시 동구 산내로 321-35,127.4404792,36.2151592,47
168,125429,카페하소,카페,070-7760-0766,대전광역시 동구 산내로 257 카페 하소,127.4397292,36.2095036,
169,125429,정원쌈밥,쌈밥,0507-1496-2008,대전광역시 동구 산내로 464,127.4450569,36.2257085,
170,125429,옛터민속박물관 한식당 얼쑤,한식,042-274-4020,대전광역시 동구 산내로 321-35,127.440397,36.21512,
171,125429,시민칼국수 낭월점,"칼국수,만두",042-286-0888,대전광역시 동구 산내로 1334 1층,127.4672049,36.282355,
172,125429,봉이호떡,호떡,042-274-0700,대전광역시 동구 산내로 111 만인산자연휴양림,127.4492889,36.2001804,2
173,125429,MYCP,"카페,디저트",0507-1478-7445,대전광역시 동구 산내로 516 1층,127.4492086,36.2276217,
174,125429,옛터 전통찻방,차,042-274-4040,대전광역시 동구 산내로 321-37,127.4404529,36.2148027,
175,125429,허브향기,퓨전음식,0507-1377-5370,대전광역시 동구 산내로 292,127.4392939,36.2122094,4
176,125429,대전왕갈비짬뽕 낭월동본점,중식당,042-282-1107,대전광역시 동구 산내로 1333 101호,127.4668007,36.2824167,7
177,125429,투썸플레이스 대전만인산점,카페,042-285-6232,대전광역시 동구 산내로 190,127.443004,36.2048299,
178,125429,시골밥상,한식,042-274-0322,대전광역시 동구 산내로 268,127.4394924,36.2103654,1
179,125429,묵은지갈비김치찌개,"찌개,전골",042-286-7888,대전광역시 동구 산내로 1335,127.4667109,36.2826039,
180,125429,닭갈비볶는남자,한식,042-272-8292,대전광역시 동구 산내로 1336 1층,127.4671271,36.282573,
181,125430,메종그라스,"카페,디저트",0507-1420-2267,경상북도 울진군 금강송면 불영계곡로 2249,129.2913873,36.9505135,
182,125430,금강송사회적협동조합,카페,054-781-5007,경상북도 울진군 금강송면 불영계곡로 1710,129.2490306,36.9350075,
183,125430,삼성식당,한식,,경상북도 울진군 금강송면 불영계곡로 1681,129.2461343,36.9343479,
184,125430,만덕,중식당,,경상북도 울진군 금강송면 불영계곡로 1697,129.2475381,36.9345082,
185,125430,불영계곡휴게소식당,한식,054-782-1661,경상북도 울진군 울진읍 불영계곡로 2758 불영계곡휴게소,129.3204763,36.9659701,2
186,125431,선야봉계곡,한식,010-6754-9700,충청남도 금산군 남이면 느티골길 73,127.3660361,36.0770187,
187,125432,새재황토방,한식,0507-1415-8905,충청북도 괴산군 연풍면 새재로 1833 새재황토방,128.0395721,36.8138134,
188,125432,조령산묵밥청국장,한식,043-833-4687,충청북도 괴산군 연풍면 새재로 1854,128.037278,36.8143858,
189,125432,거기찻집,차,043-833-2877,충청북도 괴산군 연풍면 새재로 1860 마방터민박,128.0367495,36.8144535,
190,125432,암행어사,한식,043-833-5965,충청북도 괴산군 연풍면 새재로 1863,128.036261,36.814216,2
191,125432,고사리산장식당,한식,043-833-2166,충청북도 괴산군 연풍면 새재로 1825,128.0402459,36.8137045,
192,125432,친구먹고가세,한식,043-833-4833,충청북도 괴산군 연풍면 새재로 1847,128.0379568,36.8141091,
193,125432,카페산에,카페,,충청북도 괴산군 연풍면 새재로 1803,128.04242,36.8127624,
194,125432,샛고랑펜션식당,한식,,충청북도 괴산군 연풍면 새재로 1803,128.0423696,36.8127881,
195,125432,설향,"카페,디저트",043-832-8383,충청북도 괴산군 연풍면 새재로 1700,128.0521781,36.8118456,
196,125432,조령산자연휴양림식당,한식,,충청북도 괴산군 연풍면 새재로 1700,128.0521378,36.8118421,
197,125432,하초동,한식,0507-1390-7978,경상북도 문경시 문경읍 새재로 861,128.0786874,36.7555166,308
198,125432,문경식당,한식,054-571-3044,경상북도 문경시 문경읍 새재로 920-1 태화관식당,128.0770687,36.7606957,25
199,125432,새재산장설악가든,오리요리,054-572-1919,경상북도 문경시 문경읍 새재로 878-1,128.0782955,36.7570554,7
200,125432,백두산가든,한식,054-571-4545,경상북도 문경시 문경읍 새재로 869,128.0782009,36.7563461,227
201,125432,새재할매집,"육류,고기요리",054-571-5600,경상북도 문경시 문경읍 새재로 922 새재할매집,128.0770258,36.7608872,9
202,125433,황금콩밭용인,두부요리,031-338-5681,경기도 용인시 처인구 백암면 황새울로 236,127.3523021,37.111788,
203,125433,황새울가든,한식,031-332-3009,경기도 용인시 처인구 백암면 황새울로 82,127.368076,37.1114393,
204,125433,데사티노,"카페,디저트",0507-1335-5872,경기도 용인시 처인구 백암면 황새울로 144,127.3617677,37.1134444,
205,125433,황새울식당,기타,031-333-9080,경기도 용인시 처인구 백암면 황새울로 242,127.3515155,37.1142866,
206,125434,청암관광농원식당,한식,031-632-5082,경기도 이천시 부발읍 황무로1720번길 74,127.5162164,37.2674618,
207,125434,청암관광농원실내식당,부속시설,,경기도 이천시 부발읍 황무로1720번길 74,127.5159557,37.267081,
208,125435,횡성한우백화점 본점,소고기구이,0507-1387-6868,강원특별자치도 횡성군 우천면 수남로 346,128.064125,37.4597346,
209,125435,광암막국수,막국수,033-342-2693,강원특별자치도 횡성군 우천면 경강로 2885,128.0723,37.48791,3
210,125435,새말토종순대,"순대,순댓국",0507-1416-6469,강원특별자치도 횡성군 우천면 우항새말길 20-16 새말토종순대,128.0775361,37.4493982,13
211,125435,채림의 정원,한식,0507-1463-0067,강원특별자치도 횡성군 우천면 정포로 34,128.1020906,37.5039149,5
212,125435,호수길133,"카페,디저트",0507-1314-4564,강원특별자치도 횡성군 우천면 전재호수길 149 호수길133,128.1126797,37.4268923,1
213,125435,횡성순한우,소고기구이,033-345-7777,강원특별자치도 횡성군 우천면 수남로 386,128.0671818,37.4575602,
214,125435,횡성한우촌,정육식당,0507-1371-6116,강원특별자치도 횡성군 우천면 수남로 379,128.0672444,37.4582922,4
215,125435,용둔막국수,막국수,033-342-2695,강원특별자치도 횡성군 우천면 경강로 2883 용둔막국수,128.0720384,37.4879178,9
216,125435,꼼방,"카페,디저트",033-343-3474,강원특별자치도 횡성군 우천면 오원소사길 107 꼼방,128.1045267,37.4386195,1
217,125435,다래막국수,막국수,0507-1425-2369,강원특별자치도 횡성군 우천면 한우로우항7길 9,128.0737931,37.4518612,1
218,125435,횡성한우마을,소고기구이,033-343-6005,강원특별자치도 횡성군 우천면 수남로 348,128.06421,37.459671,6
219,125435,상하이루,중식당,0507-1343-4500,강원특별자치도 횡성군 우천면 한우로 1406,128.0751069,37.4493354,
220,125435,횡성축협한우프라자 새말점,소고기구이,033-342-6680,강원특별자치도 횡성군 우천면 한우로 1401 횡성축협 한우프라자 새말점,128.0752719,37.4502529,2
221,125435,호수길133&텍사스스모크바베큐,양식,0507-1466-0134,강원특별자치도 횡성군 우천면 전재호수길 133,128.11197,37.4277083,
222,125435,소문난안흥찐빵,찐빵,033-342-3338,"강원특별자치도 횡성군 우천면 한우로 1415 ,",128.0760331,37.449136,
223,125437,바다향기,패밀리레스토랑,041-934-5439,충청남도 보령시 주교면 대천방조제로 841 대천방조제로 841,126.5119133,36.3793469,
224,125437,배다리 두부촌,두부요리,0507-1409-8000,충청남도 보령시 주교면 연지리길 334 (모범)배다리두부촌,126.5629955,36.3913014,
225,125437,흥업묵집,향토음식,041-933-7225,충청남도 보령시 주교면 토정로 878-11,126.5213336,36.3833867,
226,125437,카페밀,베이커리,041-935-2330,충청남도 보령시 주교면 대천방조제로 833 J.S 빌,126.5123613,36.37889,
227,125437,봉평산골메밀촌,한식,041-932-4206,충청남도 보령시 주교면 울계큰길 449,126.567088,36.392265,2
228,125437,부부밥집,"찌개,전골",0507-1307-3116,충청남도 보령시 주교면 배다리길 32 부부밥집,126.5508714,36.382915,
229,125437,한양코다리조림,한식,041-935-4777,충청남도 보령시 주교면 배다리길 153-9,126.5608913,36.389693,
230,125437,돌산가,한식,041-932-5406,충청남도 보령시 주교면 울계큰길 421 1층 돌산가,126.567491,36.3909693,
231,125437,토토리,돈가스,010-9915-6728,충청남도 보령시 주교면 대천방조제로 837 토토리,126.5120933,36.3791186,
232,125437,한우궁 충남보령점,"찌개,전골",041-933-6927,충청남도 보령시 주교면 토정로 1229,126.4995152,36.3966009,
233,125437,차이나타운,중식당,041-933-1472,충청남도 보령시 주교면 토정로 1161-10,126.4999121,36.3923126,5
234,125437,구사이 942,카페,070-8888-9420,충청남도 보령시 주교면 울계큰길 352,126.5702614,36.3887151,
235,125437,항아리손칼국수,"칼국수,만두",041-932-3373,충청남도 보령시 주교면 토정로 1002,126.5093131,36.3855468,
236,125437,솔향,한식,010-2577-8575,충청남도 보령시 주교면 토정로 878-45 1층,126.5224442,36.3843494,
237,125437,알콩달콩,"카페,디저트",041-932-7444,충청남도 보령시 주교면 울계큰길 395 1층 디져트카페 알콩달콩,126.5684777,36.3901654,
238,125442,중흥식당,한식,061-852-6018,전라남도 보성군 웅치면 일림로 1000 중흥식당,127.0204288,34.7155358,
239,125442,카페 록,"카페,디저트",,전라남도 보성군 웅치면 일림로 530-24 카페 록,127.0535342,34.701755,
240,125442,15번식당,한식,061-852-6015,전라남도 보성군 웅치면 일림로 980-1 15번식당,127.0192512,34.713973,
241,125442,문릿,"카페,디저트",0507-1384-0738,전라남도 보성군 웅치면 대산리 산113-28,126.988471,34.6983334,
242,125442,제암산자연휴양림식당,한식,061-853-9919,전라남도 보성군 웅치면 대산길 330,126.9838857,34.6984846,
243,125442,일림산장,한식,061-853-1313,전라남도 보성군 웅치면 용추덕림길 89-87,127.012069,34.6939583,
244,125442,용추골단란주점,단란주점,,전라남도 보성군 용추덕림길 89-74,127.0114585,34.6949438,
245,125442,정다방,다방,,전라남도 보성군 웅치면 일림로 1003-2,127.0205404,34.7161518,
246,125442,라이라이,중식당,061-852-8287,전라남도 보성군 회천면 일림로 3 1층,127.0649343,34.6713402,
247,125442,대한다원쉼터,카페,061-853-2126,전라남도 보성군 보성읍 녹차로 763-67,127.0788548,34.7156749,1
248,125442,카페잔뫼고개,"카페,디저트",010-9188-1469,전라남도 장흥군 장동면 신북1길 47 카페1층,126.9961852,34.7507137,
249,125442,삼나무숲길따라,양식,061-853-4422,전라남도 보성군 보성읍 녹차로 763-43,127.0809249,34.7148345,1
250,125442,카페민,카페,061-853-3711,전라남도 보성군 보성읍 녹차로 763-43,127.0809576,34.7148001,7
251,125442,회령횟집,생선회,061-852-8160,전라남도 보성군 회천면 시장길 11,127.0642896,34.6707705,
252,125442,제암산식육식당,"육류,고기요리",,전라남도 장흥군 장동면 북교리 9-114,126.995566,34.7505759,
253,125443,문장대식육식당,"육류,고기요리",054-533-8868,경상북도 상주시 화북면 문장로 1699,127.9199375,36.560525,
254,125443,김밥나라치킨,종합분식,054-533-8550,경상북도 상주시 화북면 문장로 1695-1,127.9201988,36.5602709,
255,125443,시루봉식당,한식,054-534-7447,경상북도 상주시 화북면 문장로 1705-1,127.9197215,36.5610577,
256,125443,1000ml,"카페,디저트",010-9550-1248,경상북도 상주시 화북면 문장로 1702 1층,127.920215,36.560771,
257,125443,문장대회가든,생선회,054-533-8935,경상북도 상주시 화북면 문장로 1827,127.910375,36.5691833,3
258,125443,카페프렌즈,"카페,디저트",1533-2179,경상북도 상주시 화북면 문장로 1703,127.9198814,36.5607766,
259,125443,화북반점,중식당,0507-1394-0809,경상북도 상주시 화북면 문장로 1695 용유리348-6,127.9202425,36.5601554,
260,125443,원조춘천닭갈비,닭갈비,054-533-8629,경상북도 상주시 화북면 문장로 1696-1 춘천닭갈비,127.9204753,36.560412,
261,125443,전주콩씨네콩나물국밥&식육식당,한식,,경상북도 상주시 화북면 문장로 1705,127.9197983,36.5609509,
262,125443,머루와 다래,한식,054-534-7845,경상북도 상주시 화북면 문장로 2013,127.9047854,36.5847322,
263,125443,남도식당,한식,0507-1433-9933,경상북도 상주시 화북면 문장로 1703 남도식당,127.919892,36.5608363,
264,125443,깻잎치킨,"치킨,닭강정",,경상북도 상주시 화북면 문장로 1695-1,127.9202055,36.5602941,
265,125443,산아래쉼터,한식,054-535-7485,경상북도 상주시 화북면 문장로 2533-2,127.8895558,36.6283558,1
266,125443,양지다방,다방,054-533-3632,경상북도 상주시 화북면 문장로 1697-2,127.9199456,36.5604733,
267,125443,시장칼국수,"칼국수,만두",,경상북도 상주시 문장로 1695-1,127.9202007,36.5603146,
268,125445,돈뜰 신화월드점,돼지고기구이,0507-1374-1359,제주특별자치도 제주시 한경면 녹차분재로 619 1층 돈뜰 신화월드점,126.2606363,33.323654,
269,125445,명동식도락,한식,0507-1431-3658,제주특별자치도 제주시 한경면 녹차분재로 530 명동식도락,126.2686707,33.3189653,2
270,125445,명리동식당,돼지고기구이,064-772-5571,제주특별자치도 제주시 한경면 녹차분재로 498,126.2704355,33.3166711,56
271,125445,릇,일식당,0507-1443-3827,제주특별자치도 제주시 한경면 녹차분재로 526,126.2688753,33.3188384,1
272,125445,제주개 생활연구소,"카페,디저트",0507-1480-5021,제주특별자치도 제주시 한경면 녹차분재로 502,126.2703939,33.3169274,
273,125445,묘한식당,돈가스,064-772-4466,제주특별자치도 제주시 한경면 녹차분재로 601,126.2621374,33.3226367,2
274,125445,맛있는폴부엌,양식,0507-1408-1624,제주특별자치도 제주시 한경면 녹차분재로 568,126.2652019,33.3208795,3
275,125445,카페하리,브런치,064-773-1225,제주특별자치도 제주시 한경면 녹차분재로 546 1층,126.2670542,33.3200084,1
276,125445,제주오름과바당,한식,064-772-7778,제주특별자치도 제주시 한경면 녹차분재로 531,126.2681933,33.3188881,2
277,125445,야미부대찌개,"찌개,전골",0507-1348-0621,제주특별자치도 제주시 한경면 녹차분재로 621,126.2605726,33.3239966,1
278,125445,땡큐미 오설록점,"카페,디저트",010-2213-6678,제주특별자치도 제주시 한경면 녹차분재로 526,126.2688898,33.3188162,3
279,125445,숯불애,돼지고기구이,064-773-0588,제주특별자치도 제주시 한경면 녹차분재로 504,126.2702441,33.317078,3
280,125445,스마일꽈배기,스마일찹쌀꽈배기,010-7931-8315,제주특별자치도 제주시 한경면 녹차분재로 622,126.2608269,33.324152,1
281,125445,만남한식뷔페,한식뷔페,064-772-2816,제주특별자치도 제주시 한경면 녹차분재로 574,126.2645096,33.3212259,1
282,125445,돔베고기 닭칼국수,한식,0507-1386-3999,제주특별자치도 제주시 한경면 녹차분재로 603 1층 돔베고기 닭칼국수,126.2619257,33.3228553,9
283,125447,보리나라 학원농장,"관광농원,팜스테이",063-564-9897,전라북도 고창군 학원농장길 154,126.5429379,35.375516,
284,125447,넓은들,"카페,디저트",063-563-9897,전라북도 고창군 공음면 학원농장길 150 카페 넓은들,126.5432801,35.3753771,
285,125447,보리나라 학원농장식당,한식,063-564-9893,전라북도 고창군 공음면 학원농장길 142,126.5429154,35.3753443,2
286,125447,청보리가든,"육류,고기요리",063-562-2024,전라북도 고창군 공음면 학원농장길 284 청보리가든,126.5426509,35.3839129,
287,125447,청보리장터,"카페,디저트",,전라북도 고창군 공음면 학원농장길 276,126.5422144,35.3829556,
288,125448,안면대로식당,한식,041-673-6377,충청남도 태안군 안면읍 안면대로 1827 안면대로식당,126.3246624,36.5982311,
289,125448,안면도맛집 꽃지꽃게집,게요리,0507-1382-1105,충청남도 태안군 안면읍 안면대로 3020,126.348679,36.5083289,984
290,125448,시골밥상,게요리,0507-1353-8423,충청남도 태안군 안면읍 안면대로 3022,126.348697,36.508039,133
291,125448,딴뚝식당,게요리,0507-1401-4171,충청남도 태안군 안면읍 안면대로 3037,126.3501384,36.5071346,876
292,125448,전통딴뚝칼국수,"칼국수,만두",0507-1424-1221,충청남도 태안군 안면읍 안면대로 3018 전통딴뚝칼국수,126.348771,36.5085042,21
293,125448,일송꽃게장백반 본점,게요리,041-674-0777,충청남도 태안군 안면읍 안면대로 2676,126.349534,36.532637,560
294,125448,안면도 해비알꽃게,게요리,041-673-0053,충청남도 태안군 안면읍 안면대로 2681,126.3495887,36.5318649,"2,830"
295,125448,안면도 아그집 게국지,게요리,0507-1321-5346,충청남도 태안군 안면읍 안면대로 3061,126.3510279,36.5048869,"1,021"
296,125448,안면가,"해물,생선요리",041-672-6725,충청남도 태안군 안면읍 안면대로 3253 1층,126.3587079,36.4919154,497
297,125448,진미정,게요리,0507-1405-1401,충청남도 태안군 안면읍 안면대로 2945-2,126.344315,36.5130641,10
298,125448,조개산꽃게집,게요리,041-675-0860,충청남도 태안군 안면읍 안면대로 3061 1층 조개산꽃게집,126.351056,36.5047609,
299,125448,오복정,한식,041-673-5459,충청남도 태안군 안면읍 안면대로 3031,126.349698,36.507572,1
300,125448,김추일수제돈까스,돈가스,041-674-7788,충청남도 태안군 안면읍 안면대로 3012,126.3486567,36.5091298,8
301,125448,바다야해물아,"해물,생선요리",041-675-4106,충청남도 태안군 안면읍 안면대로 2680,126.3493848,36.5323307,
302,125448,서리태흑두부,두부요리,041-673-0199,충청남도 태안군 안면읍 안면대로 2969,126.3467141,36.5121928,
303,125449,카페 남한산성로15,"카페,디저트",0507-1348-7615,경기도 광주시 남한산성면 남한산성로 15 2층,127.2460101,37.4618759,
304,125449,경성빵공장 남한산성점,베이커리,031-735-7826,경기도 광주시 남한산성면 남한산성로 714,127.1905825,37.475948,5
305,125449,현촌,닭요리,031-745-8799,경기도 광주시 남한산성면 남한산성로 555,127.2015618,37.467105,14
306,125449,남한산성카페 류,"카페,디저트",031-747-4006,경기도 광주시 남한산성면 남한산성로 393,127.2149127,37.4585135,1
307,125449,만수촌,닭요리,0507-1374-1537,경기도 광주시 남한산성면 남한산성로 481,127.2083126,37.4650632,11
308,125449,카페 들,"카페,디저트",,경기도 광주시 남한산성면 남한산성로 482,127.2087065,37.465149,5
309,125449,몽쥬이에,"카페,디저트",0507-1476-1779,경기도 광주시 남한산성면 남한산성로 227-31 카페 몽쥬이에,127.2257945,37.4552577,1
310,125449,블루힐,브런치카페,0507-1377-6789,경기도 광주시 남한산성면 남한산성로 255,127.2246918,37.4561645,1
311,125449,두부만드는집 순두부짬뽕,두부요리,0507-1412-7937,경기도 광주시 남한산성면 남한산성로 741,127.1877577,37.4771995,2
312,125449,오복손두부,두부요리,031-746-3567,경기도 광주시 남한산성면 남한산성로 745-10,127.1867223,37.4775204,16
313,125449,대장금 백숙,"백숙,삼계탕",031-747-3737,경기도 광주시 남한산성면 남한산성로 731-25 1층,127.1879855,37.4755525,2
314,125449,개울테라스,"카페,디저트",010-2584-5156,경기도 광주시 남한산성면 남한산성로 212-5 개울테라스,127.2293903,37.4560635,1
315,125449,위베이크,베이커리,031-798-0959,경기도 광주시 남한산성면 남한산성로 59-3 위베이크,127.2424611,37.4599693,4
316,125449,카페 뷰,"카페,디저트",0507-1424-1157,경기도 광주시 남한산성면 남한산성로 373 카페뷰,127.2166045,37.4582169,2
317,125449,개미촌,한정식,0507-1340-5717,경기도 광주시 남한산성면 남한산성로 512,127.2065064,37.4672273,37
318,125450,원조두지리매운탕 본점,"매운탕,해물탕",031-959-4508,경기도 파주시 적성면 술이홀로2316번길 53,126.8938202,37.9643059,
319,125450,청산흑가마,"사철,영양탕",031-959-4955,경기도 파주시 적성면 감악산로 1222,126.9278607,37.9556828,
320,125450,파주두부만드는집 감악산본점,두부요리,0507-1370-1310,경기도 파주시 적성면 설마천로 273-49 1층,126.9446521,37.9372519,
321,125450,온오프,"카페,디저트",0507-1317-7530,경기도 파주시 적성면 설마천로 376,126.9409392,37.9471549,
322,125450,억부인국수집,국수,031-959-2662,경기도 파주시 적성면 산덕골길 10,126.9856472,37.9920308,15
323,125450,감악산원조손두부,두부요리,031-959-4753,경기도 파주시 적성면 설마천로 273-31,126.9448255,37.9381411,
324,125450,가월리손두부,두부요리,031-959-3974,경기도 파주시 적성면 감악산로 1473,126.9206834,37.9772128,2
325,125450,카페애플트리,"카페,디저트",010-6225-8264,경기도 파주시 적성면 국사로 293 1층,126.8699672,37.9602088,
326,125450,홍가네해물칼국수,"칼국수,만두",031-958-0838,경기도 파주시 적성면 달빛길 9 홍가네해물칼국수,126.9198582,37.9764616,
327,125450,원조두지리매운탕 1호점,"매운탕,해물탕",031-959-5377,경기도 파주시 적성면 술이홀로2316번길 45 원조두지리매운탕1호점,126.8938673,37.9638888,2
328,125450,두지리오리장작구이,오리요리,031-959-5292,경기도 파주시 적성면 두지리 22-3,126.9022201,37.9610521,
329,125450,농부네 두부집,두부요리,031-959-0423,경기도 파주시 적성면 감악산로 1346,126.924989,37.9661941,
330,125450,적성양산박암소한우마을,한식,0507-1424-5030,경기도 파주시 적성면 솥뒤로 29,126.9164827,37.9565532,3
331,125450,임진강매운탕,"매운탕,해물탕",031-959-1525,경기도 파주시 적성면 술이홀로2316번길 39 임진강매운탕,126.893981,37.963687,4
332,125450,더지스치즈카페,"카페,디저트",0507-1479-0536,경기도 파주시 적성면 어삼로 123-7 더지스치즈카페,126.9822708,37.9984402,4
333,125451,예전한정식,한정식,0507-1306-0242,경기도 광주시 퇴촌면 천진암로 515-14 예전한정식,127.3262112,37.4639617,
334,125451,빵굽는정원,베이커리,031-798-8000,경기도 광주시 퇴촌면 천진암로 327-14,127.3089516,37.4730563,1
335,125451,털보셀프바베큐,"육류,고기요리",0507-1317-8395,경기도 광주시 퇴촌면 천진암로 578,127.3297401,37.4596081,26
336,125451,라체나,이탈리아음식,0507-1313-7981,경기도 광주시 퇴촌면 천진암로 360 1층 라체나,127.3123004,37.4717445,2
337,125451,퇴촌석갈비,한식,0507-1385-9250,경기도 광주시 퇴촌면 천진암로 327-7,127.3080969,37.472721,1
338,125451,브런치카페 물러남,"카페,디저트",031-765-0516,경기도 광주시 퇴촌면 천진암로 790 카페 물러남,127.3463845,37.4477679,
339,125451,세콘도,카페,0507-1373-9610,경기도 광주시 퇴촌면 천진암로 360 2층,127.3123004,37.4717445,
340,125451,카페딥포레,카페,031-769-2767,경기도 광주시 퇴촌면 천진암로 610 카페딥포레,127.3322752,37.4579604,5
341,125451,퇴촌 산마루공원,"육류,고기요리",031-768-3031,경기도 광주시 퇴촌면 천진암로 724,127.3421623,37.4526276,3
342,125451,평산갈비,"육류,고기요리",031-699-0890,경기도 광주시 퇴촌면 천진암로 298 1층,127.3053795,37.4712277,
343,125451,송탄식 오늘 부대찌개,"찌개,전골",0507-1329-5835,경기도 광주시 퇴촌면 천진암로 516,127.325087,37.4638295,8
344,125451,엄지매운탕,"매운탕,해물탕",031-767-5839,경기도 광주시 퇴촌면 천진암로 336 엄지매운탕,127.3093236,37.4717959,5
345,125451,카페 수피아,카페,0507-1369-4806,경기도 광주시 퇴촌면 천진암로 721 카페 수피아,127.3428475,37.4531424,
346,125451,퇴촌 손두부,두부요리,031-769-3357,경기도 광주시 퇴촌면 천진암로 690-4 1층,127.3392035,37.4537529,3
347,125451,고구려 돼지갈비,"육류,고기요리",031-767-3207,경기도 광주시 퇴촌면 천진암로 364,127.3125966,37.4717155,9
348,125452,웰빙마을 청계산점,"육류,고기요리",02-573-0143,서울특별시 서초구 원터길 20,127.0561639,37.4436583,
349,125452,들밥나들이 본점,한식,02-574-9949,서울특별시 서초구 원터길 19,127.0564475,37.4435251,2
350,125452,상락원,한식,0507-1329-5220,서울특별시 서초구 원터길 23,127.0561378,37.4431536,
351,125452,유라한정식,한정식,02-574-2101,서울특별시 서초구 원터길 22 오라카이호텔 근교 위치,127.0560757,37.4434294,1
352,125452,몽쥬 카페,"카페,디저트",02-577-2225,서울특별시 서초구 원터길 18,127.0564355,37.4438387,
353,125453,일호갈비탕,갈비탕,031-511-4747,경기도 남양주시 화도읍 묵현로 105-1,127.2921544,37.6650793,
354,125453,더베이커스가든,베이커리,0507-1369-6313,경기도 남양주시 화도읍 묵현로 178,127.298848,37.6689732,1
355,125453,석화해물,"아귀찜,해물찜",0507-1368-8302,경기도 남양주시 화도읍 묵현로 91 1층,127.2918516,37.6636343,
356,125453,조박사 부대찌개 갈비김치전골,"찌개,전골",0507-1355-1152,경기도 남양주시 화도읍 묵현로 214 1층 조박사 부대찌개,127.3013824,37.6711799,
357,125453,굴뚝능이버섯백숙,"백숙,삼계탕",031-594-3311,경기도 남양주시 화도읍 묵현로 46,127.2914178,37.6600666,
358,125453,쉼술,요리주점,0507-1491-9598,"경기도 남양주시 화도읍 묵현로 3 202호, 203호",127.2899445,37.6566186,
359,125453,타래함흥냉면,냉면,0507-1458-2889,경기도 남양주시 화도읍 묵현로 211,127.3008268,37.6713178,
360,125453,논골추어탕,추어탕,031-591-5988,경기도 남양주시 화도읍 묵현로 66-22,127.2932155,37.6618947,5
361,125453,평창갈비 마석점,"육류,고기요리",031-594-9933,경기도 남양주시 화도읍 묵현로 95,127.2921879,37.6646148,8
362,125453,수타왕중왕손짜장,중식당,031-593-5616,경기도 남양주시 화도읍 묵현로 211-4,127.3010394,37.6715352,1
363,125453,ROHI MERCI,"카페,디저트",031-591-3399,경기도 남양주시 화도읍 묵현로 93 ROHI MERCI (로히메르시),127.2917747,37.6642982,2
364,125453,신화아구찜 동태탕,"해물,생선요리",0507-1395-1595,경기도 남양주시 화도읍 묵현로 212 1층,127.3012563,37.6709631,1
365,125453,장어의힘,"장어,먹장어요리",0507-1400-7906,경기도 남양주시 화도읍 묵현로 184 1층 장어의힘,127.2992956,37.6692384,
366,125453,동네집밥,"백반,가정식",0507-1378-4111,경기도 남양주시 화도읍 묵현로 21-3 1층,127.2893858,37.6580143,1
367,125453,동해바다,생선회,0507-1340-7861,경기도 남양주시 화도읍 묵현로 204,127.3007265,37.6703121,
368,125454,삼대갈비탕,갈비탕,0507-1322-9118,경기도 김포시 하성면 월하로 971 1층,126.6600716,37.7028961,
369,125454,뱀부15-8,양식,0507-1409-7001,경기도 김포시 하성면 금포로1915번길 7 뱀부카페&레스토랑,126.6617392,37.6968985,44
370,125454,오이향기,한식,0507-1318-8430,경기도 김포시 하성면 월하로 977-10 오이향기,126.6604508,37.702782,11
371,125454,아보고가,베이커리,0507-1438-9780,경기도 김포시 하성면 월하로 977-19 아보고가베이커리,126.6610223,37.7034031,2
372,125454,홍당,"카페,디저트",0507-0178-3731,"경기도 김포시 하성면 월하로860번길 21-8 1동, 2동 1층",126.6496099,37.7054103,
373,125454,카페진정성 김포본점,"카페,디저트",0507-1308-5520,경기도 김포시 하성면 하성로 660,126.6288301,37.7313649,20
374,125454,카페나울,"카페,디저트",0507-1338-7492,경기도 김포시 하성면 봉성로 243 카페나울,126.656875,37.6930762,
375,125454,뱀부포레스트,"카페,디저트",0507-1396-7025,경기도 김포시 하성면 금포로1915번길 7,126.6617411,37.6968949,
376,125454,소쇄원간장게장 김포본점,게요리,0507-1337-8807,경기도 김포시 하성면 금포로1915번길 53 소쇄원간장게장 김포본점,126.6609537,37.6992742,5
377,125454,블루스모크,패밀리레스토랑,0507-1423-7073,경기도 김포시 하성면 하성로 294 2층 블루스모크,126.6364765,37.7013246,5
378,125454,노아스로스팅 김포포레스트점,카페,031-988-8894,경기도 김포시 하성면 애기봉로 893,126.6363638,37.7207868,
379,125454,포구,"해물,생선요리",0507-1350-7759,경기도 김포시 하성면 금포로 1909 1동 1층 1호,126.6623619,37.6968999,
380,125454,태산마당,정육식당,0507-1365-7018,경기도 김포시 하성면 하성로 578 가동,126.6308856,37.7254314,
381,125454,정통국수집 김포점,"칼국수,만두",031-989-8230,경기도 김포시 하성면 동을산로 238,126.6346682,37.6989364,1
382,125454,그린케이브,"카페,디저트",0507-1426-0692,경기도 김포시 하성면 애기봉로 809-5 그린케이브,126.6271476,37.7199198,
383,125455,원조이동김미자할머니갈비 포천이동본점,"육류,고기요리",0507-1338-2601,경기도 포천시 이동면 화동로 2087,127.3660437,38.0340306,
384,125455,향유갈비,"육류,고기요리",031-534-9770,경기도 포천시 이동면 성장로 1287-13,127.364346,38.032812,9
385,125455,포천이동갈비 송영선할머니,"육류,고기요리",0507-1319-4562,경기도 포천시 이동면 화동로 2097,127.3663544,38.0350094,315
386,125455,소문난이동갈비 포천본점,"육류,고기요리",031-531-0721,경기도 포천시 이동면 화동로 1996 소문난이동갈비,127.369154,38.026136,38
387,125455,이동궁전갈비,소고기구이,0507-1308-4292,경기도 포천시 이동면 화동로 2362,127.3845798,38.052956,374
388,125455,포천이동갈비 김근자할머니집,"육류,고기요리",0507-1351-4667,경기도 포천시 이동면 장암1길 14 1층,127.366367,38.0351364,720
389,125455,이동정원갈비,"육류,고기요리",031-533-0616,경기도 포천시 이동면 화동로 1970,127.3689625,38.0238,16
390,125455,갈비1987 포천이동본점,소고기구이,031-532-3077,경기도 포천시 이동면 화동로 2065-1,127.3662695,38.032145,248
391,125455,느티나무 갈비,"육류,고기요리",0507-1481-4457,경기도 포천시 이동면 화동로 2089,127.3661318,38.0342992,1
392,125455,갈비생각 포천이동점,"육류,고기요리",0507-1435-7411,경기도 포천시 이동면 화동로 2008,127.3685673,38.027393,
393,125455,우목정,"육류,고기요리",0507-1317-7753,경기도 포천시 이동면 화동로 1974,127.3689399,38.0241067,4
394,125455,초류향,중식당,031-536-1080,경기도 포천시 이동면 갈골안길 127,127.3516284,38.013177,1
395,125455,미미향,중식당,0507-1347-4331,경기도 포천시 이동면 화동로 2063,127.3663156,38.031791,29
396,125455,이동강변갈비,"육류,고기요리",0507-1403-6988,경기도 포천시 이동면 화동로 2215 이동강변갈비,127.3730478,38.0438799,104
397,125455,이동폭포갈비,"육류,고기요리",080-2080-9292,경기도 포천시 이동면 여우고개로 698,127.380925,38.05095,4
398,125456,용화루,중식당,,경기도 광주시 도척면 도척로 1067,127.2961737,37.2786736,
399,125456,미소한근,정육식당,,경기도 광주시 도척면 도척로 1091-1,127.2944773,37.2770596,
400,125456,춘천소양강닭갈비,닭갈비,070-4191-8180,경기도 광주시 도척면 도척로 1106,127.292793,37.2767837,
401,125457,카페속달로,"카페,디저트",,경기도 군포시 속달로 286-4 카페속달로,126.8972497,37.3431916,
402,125457,주막보리밥 군포점,보리밥,031-501-6677,경기도 군포시 속달로 108,126.9079018,37.3351925,
403,125457,수리산두꺼비 본점,두부요리,031-502-0636,경기도 군포시 속달로 286-2,126.8969374,37.3431588,2
404,125457,악토버나인,"카페,디저트",0507-1324-1810,경기도 군포시 속달로 297 1층 카페 악토버나인,126.8966972,37.3442113,
405,125457,참고기,정육식당,031-438-3192,경기도 군포시 속달로 130 참고기,126.9060154,37.3358225,2
406,125457,수리골,한식,0507-1466-7088,경기도 군포시 속달로 283 수리골,126.8967372,37.3430287,
407,125457,이백,카페,031-437-9951,경기도 군포시 속달로 129-49,126.9046497,37.3332038,3
408,125457,까페숲,"카페,디저트",070-7755-1695,경기도 군포시 속달로 271,126.8969271,37.3420598,
409,125457,한상차림 코다리명가 수리산점,"해물,생선요리",0507-1399-2208,경기도 군포시 속달로 296 1층,126.8971526,37.3441148,
410,125457,순이네시골밥상,한식,031-502-8994,경기도 군포시 속달로 205 1층순이네시골밥상,126.9034876,37.3405564,
411,125457,남원추어탕,추어탕,031-437-1013,경기도 군포시 속달로 102,126.9081692,37.3345379,1
412,125457,야미샤브샤브,샤브샤브,0507-1321-6688,경기도 군포시 속달로 287-12 1층,126.8955819,37.3427744,
413,125457,달구움,카페,010-9081-3049,경기도 군포시 속달로 286-13 달구움,126.8975394,37.3434883,
414,125457,데이앤데이 수리산도립공원점,"카페,디저트",010-8913-8635,경기도 군포시 속달로 212,126.9029856,37.3410034,
415,125457,커갤,"카페,디저트",010-9021-4547,경기도 군포시 속달로 110 1층,126.9079308,37.3352572,
416,125458,리버아일리카페,"카페,디저트",031-577-8955,경기도 남양주시 조안면 북한강로433번길 38-1,127.3100555,37.5610904,
417,125458,두물장어,"장어,먹장어요리",0507-1418-8727,경기도 남양주시 조안면 북한강로433번길 26,127.3111258,37.5605768,
418,125458,운길산농원,한식,,경기도 남양주시 조안면 북한강로433번길 32,127.3107246,37.5608842,
419,125459,축령산계곡가든,한식,010-6646-5117,경기도 남양주시 수동면 축령산로 295 축령산계곡가든,127.3088126,37.7526902,
420,125459,은행나무가든,"육류,고기요리",0507-1351-6277,경기도 남양주시 수동면 축령산로 212-5,127.3057873,37.7462982,2
421,125459,청담쭈꾸미 코다리전문,한식,0507-1496-3515,경기도 남양주시 수동면 축령산로 227-20 1층,127.305264,37.7482032,
422,125459,깊은산속옹달샘가든,한식,031-592-1040,경기도 남양주시 수동면 축령산로 254-4,127.3070125,37.7491943,
423,125459,축령산알프스산장가든,한식,031-592-9937,경기도 남양주시 수동면 축령산로 284,127.3083408,37.7517734,
424,125460,고풍,"카페,디저트",0507-1341-6166,경기도 포천시 신북면 깊이울로 188-4 1층,127.170307,37.9231475,
425,125460,오리덕후,오리요리,0507-1325-7028,경기도 포천시 신북면 깊이울로 111 1층,127.1770046,37.9260646,
426,125460,박가네오리회전구이,오리요리,0507-1373-4748,경기도 포천시 신북면 깊이울로 88 박가네오리,127.1787761,37.9275062,5
427,125460,고향나들이 무인카페,"카페,디저트",,경기도 포천시 신북면 깊이울로 103,127.1776275,37.9264247,
428,125460,메아리산장,오리요리,031-533-0982,경기도 포천시 신북면 깊이울로 143,127.1751329,37.9236162,5
429,125460,카페 휴,"카페,디저트",0507-1326-4793,경기도 포천시 신북면 깊이울로 195,127.1706585,37.9222745,
430,125460,오이구이,오리요리,031-531-5288,경기도 포천시 신북면 깊이울로 93,127.1784265,37.9270397,
431,125460,고향일번지,한식,031-534-6162,경기도 포천시 신북면 깊이울로 74,127.180043,37.928043,
432,125460,나무다 카페,"카페,디저트",010-5205-8665,경기도 포천시 신북면 깊이울로 167,127.1723894,37.9227242,
433,125460,유산카페,카페,0507-1373-3479,경기도 포천시 신북면 깊이울로 87 유산카페,127.178893,37.9272102,
434,125460,깊이울고풍,한정식,02-2842-2482,경기도 포천시 신북면 깊이울로 184-1,127.1704658,37.9233258,
435,125461,참나무쟁이,한정식,031-531-7970,경기도 포천시 내촌면 금강로 2458,127.2335811,37.7948599,5
436,125461,장원막국수,막국수,0507-1414-5855,경기도 포천시 내촌면 금강로 2029,127.2219241,37.7608416,28
437,125461,곰터먹촌,한식,031-533-6377,경기도 포천시 내촌면 내촌로 169,127.2300807,37.7942392,
438,125461,구디커피,"카페,디저트",0507-1374-0188,경기도 포천시 내촌면 매봉길 64-1 다동,127.2296985,37.7597529,
439,125461,파티오25,양식,031-532-8411,경기도 포천시 내촌면 금강로 1993-25,127.218885,37.7591446,
440,125461,내음685,베이커리,0507-1376-6274,경기도 포천시 내촌면 금강로 2236-21,127.2276381,37.7773547,
441,125461,계절음식 남도한상,한정식,0507-1323-2204,경기도 포천시 내촌면 금강로 2862,127.2603616,37.8200306,1
442,125461,함병현 김치말이국수,국수,031-534-0732,경기도 포천시 내촌면 내촌로 175,127.2305034,37.7946565,15
443,125461,할머니순두부,쌈밥,031-533-5479,경기도 포천시 내촌면 금강로 3215,127.2790499,37.8465372,3
444,125461,구디가든,"육류,고기요리",0507-1443-1132,경기도 포천시 내촌면 매봉길 64-1,127.2295456,37.7597243,1
445,125461,서파촌원조쌈밥순두부,쌈밥,031-533-5498,경기도 포천시 내촌면 금강로3224번길 12-17 네비 0315335498,127.280647,37.84562,7
446,125461,복지순두부,한식,0507-1330-3702,경기도 포천시 내촌면 금강로 2700 복지순두부,127.2531035,37.8072618,
447,125461,탑골가든 포천점,닭갈비,0507-1327-3595,경기도 포천시 내촌면 금강로 3117 1층,127.271969,37.8397232,
448,125461,백년교동짬뽕 내촌점,중식당,031-534-4088,경기도 포천시 내촌면 음고개길 1,127.2268906,37.7798404,1
449,125461,원조우렁쌈밥순두부,한식,031-534-9333,경기도 포천시 내촌면 금강로3224번길 10 원조우렁쌈밥순두부,127.2805516,37.8462647,7
450,125461,서파넓적갈비,"육류,고기요리",031-532-0706,경기도 포천시 내촌면 금강로3211번길 7,127.278184,37.846411,1
451,125461,서파장어랜드,"장어,먹장어요리",0507-1338-1239,경기도 포천시 내촌면 금강로3224번길 11,127.2808964,37.8468901,
452,125461,전주해장국,해장국,031-534-2030,경기도 포천시 내촌면 금강로 2964,127.2653125,37.8278917,4
453,125461,샛강매운탕,"매운탕,해물탕",031-534-6679,경기도 포천시 내촌면 금강로2606번길 1,127.244675,37.8027922,
454,125461,서파대나무쌈밥,쌈밥,0507-1338-2199,경기도 포천시 내촌면 금강로3224번길 14,127.2809341,37.8462025,3
455,125461,블랙레빗 라이더카페,"카페,디저트",0507-1382-1625,경기도 포천시 내촌면 금강로 2354 1층,127.2260484,37.7879521,
456,125461,금강2851,베이커리,0507-1341-9872,경기도 포천시 내촌면 금강로 2851,127.2591021,37.8195333,1
457,125461,풍미식당,한식,031-532-2966,경기도 포천시 내촌면 포천로 8-1,127.2262522,37.7860545,3
458,125461,원조양평해장국 내촌점,해장국,0507-1338-0453,경기도 포천시 내촌면 금강로 1996 2동1층,127.2207601,37.7584692,
459,125461,별난동치미국수,국수,031-532-7892,경기도 포천시 내촌면 내촌로 186 별난동치미국수,0.0,0.0,0
460,125461,,,,,0.0,0.0,0
461,125461,,,,,0.0,0.0,0
462,125461,,,,,0.0,0.0,0
463,125461,,,,,0.0,0.0,0
464,125461,,,,,0.0,0.0,0
465,125461,,,,,0.0,0.0,0
466,125461,,,,,0.0,0.0,0
467,125461,,,,,0.0,0.0,0
468,125461,,,,,0.0,0.0,0
469,125461,,,,,0.0,0.0,0
470,125461,,,,,0.0,0.0,0
471,125461,,,,,0.0,0.0,0
472,125461,,,,,0.0,0.0,0
473,125461,,,,,0.0,0.0,0
474,125461,,,,,0.0,0.0,0
475,125461,,,,,0.0,0.0,0
476,125461,,,,,0.0,0.0,0
477,125461,,,,,0.0,0.0,0
478,125461,,,,,0.0,0.0,0
479,125461,,,,,0.0,0.0,0
480,125461,,,,,0.0,0.0,0
481,125461,,,,,0.0,0.0,0
482,125461,,,,,0.0,0.0,0
483,125461,,,,,0.0,0.0,0
484,125461,,,,,0.0,0.0,0
485,125461,,,,,0.0,0.0,0
486,125461,,,,,0.0,0.0,0
487,125461,,,,,0.0,0.0,0
488,125461,,,,,0.0,0.0,0
489,125461,,,,,0.0,0.0,0
490,125461,,,,,0.0,0.0,0
491,125461,,,,,0.0,0.0,0
492,125461,,,,,0.0,0.0,0
493,125461,,,,,0.0,0.0,0
494,125461,,,,,0.0,0.0,0
495,125461,,,,,0.0,0.0,0
496,125461,,,,,0.0,0.0,0
497,125461,,,,,0.0,0.0,0
498,125461,,,,,0.0,0.0,0
499,125461,,,,,0.0,0.0,0
500,125461,,,,,0.0,0.0,0
501,125461,,,,,0.0,0.0,0
502,125461,,,,,0.0,0.0,0
503,125461,,,,,0.0,0.0,0
504,125461,,,,,0.0,0.0,0
505,125461,,,,,0.0,0.0,0
506,125461,,,,,0.0,0.0,0
507,125461,,,,,0.0,0.0,0
508,125461,,,,,0.0,0.0,0
509,125461,,,,,0.0,0.0,0
